<?xml version="1.0"?>
<skin version="1.1" name="brockSkin5" author="punchy187">

     <components>
          <component name="controlbar">
		  		<settings>
      				<setting name="font" value="Vibrocentric" />
      				<setting name="fontsize" value="10" />
				    <setting name="fontcolor" value="0xC0C0C0" />
      				<setting name="fontstyle" value="normal" />
   				</settings>
          	<layout> 
               <group position="left">
			   		<divider name="capLeft" /> 
					<divider name="alternateDivider2" /> 
                    <button name="play" />  
					<divider name="alternateDivider2" /> 
                    <button name="prev" />
					<divider name="alternateDivider2" /> 
                    <button name="next" /> 
					<divider name="alternateDivider2" /> 
                    <button name="stop" />
					<divider name="alternateDivider2" /> 
                    <text name="duration" />
               </group>
               <group position="center">
                    <slider name="time" /> 
               </group>
               <group position="right">
                    <text name="elapsed" />
					<divider name="alternateDivider2" /> 
					<button name="mute" />
					<divider name="alternateDivider2" /> 
	                <slider name="volume" />
					<divider name="alternateDivider2" /> 
					<button name="fullscreen" />
					<divider name="alternateDivider2" /> 
					<divider name="capRight" /> 
               </group>
            </layout>
               <elements>
                    <element name="background" src="background.png" />
                    <element name="capLeft" src="capLeft.png" />
                    <element name="capRight" src="capRight.png" />
                    <element name="alternateDivider2" src="alternateDivider2.png" />
                    <element name="playButton" src="playButton.png" />
                    <element name="playButtonOver" src="playButtonOver.png" />
                    <element name="pauseButton" src="pauseButton.png" />
               		<element name="pauseButtonOver" src="pauseButtonOver.png" />
	                <element name="prevButton" src="prevButton.png" />
    	            <element name="prevButtonOver" src="prevButtonOver.png" />
	                <element name="nextButton" src="nextButton.png" />
	                <element name="nextButtonOver" src="nextButtonOver.png" />
	                <element name="stopButton" src="stopButton.png" />
     	            <element name="stopButtonOver" src="stopButtonOver.png" />
                    <element name="timeSliderRail" src="timeSliderRail.png" />
                    <element name="timeSliderBuffer" src="timeSliderBuffer.png" />
                    <element name="timeSliderProgress" src="timeSliderProgress.png" />
                    <element name="timeSliderThumb" src="timeSliderThumb.png" />
					<element name="timeSliderThumb" src="timeSliderCapLeft.png" />
					<element name="timeSliderThumb" src="timeSliderCapRight.png" />
					<element name="controlbarIcon" src="controlbarIcon.png" />
                    <element name="controlbarIconOver" src="controlbarIconOver.png" />
					<element name="blankButton" src="blankButton.png" />
                    <element name="blankButtonOver" src="blankButtonOver.png" />
                    <element name="muteButton" src="muteButton.png" />
                    <element name="muteButtonOver" src="muteButtonOver.png" />
                    <element name="unmuteButton" src="unmuteButton.png" />
                    <element name="unmuteButtonOver" src="unmuteButtonOver.png" />
                    <element name="volumeSliderRail" src="volumeSliderRail.png" />
                    <element name="volumeSliderBuffer" src="volumeSliderBuffer.png" />
                    <element name="volumeSliderProgress" src="volumeSliderProgress.png" />
					<element name="fullscreenButton" src="fullscreenButton.png" />
                    <element name="fullscreenButtonOver" src="fullscreenButtonOver.png" />
                    <element name="normalscreenButton" src="normalscreenButton.png" />
                    <element name="normalscreenButtonOver" src="normalscreenButtonOver.png" />
               </elements>
          </component>
          <component name="display">
               <settings>
                    <setting name="bufferrotation" value="30" />
                    <setting name="bufferinterval" value="100" />
               </settings>
               <elements>
                    <element name="background2" src="background2.png" />
                    <element name="playIcon" src="playIcon.png" />
                    <element name="playIconOver" src="playIconOver.png" />
                    <element name="muteIcon" src="muteIcon.png" />
                    <element name="muteIconOver" src="muteIconOver.png" />
					<element name="unmuteIcon" src="unmuteIcon.png" />
                    <element name="unmuteIconOver" src="unmuteIconOver.png" />
                    <element name="bufferIcon2" src="bufferIcon2.png" />
               </elements>
          </component>
          <component name="dock">
               <elements>
                    <element name="button" src="button.png" />
                    <element name="buttonOver" src="buttonOver.png" />
               </elements>
          </component>
          <component name="playlist">
		  	   <settings>
      				<setting name="font" value="Vibrocentric" />
      				<setting name="fontsize" value="12" />
				    <setting name="fontcolor" value="0xC0C0C0" />
      				<setting name="fontstyle" value="normal" />
   			   </settings>
               <elements>
                    <element name="item" src="item.png" />
                    <element name="itemOver" src="itemOver.png" />
                    <element name="sliderRail" src="sliderRail.png" />
                    <element name="sliderThumb" src="sliderThumb.png" />
               </elements>
          </component>
     </components>
</skin>
